,HALLMARK_TNFA_SIGNALING_VIA_NFKB,HALLMARK_HYPOXIA,HALLMARK_CHOLESTEROL_HOMEOSTASIS,HALLMARK_MITOTIC_SPINDLE,HALLMARK_WNT_BETA_CATENIN_SIGNALING,HALLMARK_TGF_BETA_SIGNALING,HALLMARK_IL6_JAK_STAT3_SIGNALING,HALLMARK_DNA_REPAIR,HALLMARK_G2M_CHECKPOINT,HALLMARK_APOPTOSIS,HALLMARK_NOTCH_SIGNALING,HALLMARK_ADIPOGENESIS,HALLMARK_ESTROGEN_RESPONSE_EARLY,HALLMARK_ESTROGEN_RESPONSE_LATE,HALLMARK_ANDROGEN_RESPONSE,HALLMARK_MYOGENESIS,HALLMARK_PROTEIN_SECRETION,HALLMARK_INTERFERON_ALPHA_RESPONSE,HALLMARK_INTERFERON_GAMMA_RESPONSE,HALLMARK_APICAL_JUNCTION,HALLMARK_APICAL_SURFACE,HALLMARK_HEDGEHOG_SIGNALING,HALLMARK_COMPLEMENT,HALLMARK_UNFOLDED_PROTEIN_RESPONSE,HALLMARK_PI3K_AKT_MTOR_SIGNALING,HALLMARK_MTORC1_SIGNALING,HALLMARK_E2F_TARGETS,HALLMARK_MYC_TARGETS_V1,HALLMARK_MYC_TARGETS_V2,HALLMARK_EPITHELIAL_MESENCHYMAL_TRANSITION,HALLMARK_INFLAMMATORY_RESPONSE,HALLMARK_XENOBIOTIC_METABOLISM,HALLMARK_FATTY_ACID_METABOLISM,HALLMARK_OXIDATIVE_PHOSPHORYLATION,HALLMARK_GLYCOLYSIS,HALLMARK_REACTIVE_OXYGEN_SPECIES_PATHWAY,HALLMARK_P53_PATHWAY,HALLMARK_UV_RESPONSE_UP,HALLMARK_UV_RESPONSE_DN,HALLMARK_ANGIOGENESIS,HALLMARK_HEME_METABOLISM,HALLMARK_COAGULATION,HALLMARK_IL2_STAT5_SIGNALING,HALLMARK_BILE_ACID_METABOLISM,HALLMARK_PEROXISOME,HALLMARK_ALLOGRAFT_REJECTION,HALLMARK_SPERMATOGENESIS,HALLMARK_KRAS_SIGNALING_UP,HALLMARK_KRAS_SIGNALING_DN,HALLMARK_PANCREAS_BETA_CELLS
c.COLO668,2.934432406,3.645311704,5.017616911,4.51149342,3.336806574,3.888540253,2.190797806,5.179709827,5.439689106,3.808790269,3.09900066,4.590718741,3.470931555,3.66463013,4.497308146,2.529545264,5.351422685,3.453111204,3.129267926,2.930521814,2.112608277,3.065063283,2.925127923,5.523419633,4.747305002,5.775852963,5.849125137,7.263374785,5.243833348,1.913902953,1.775731414,3.237929489,4.721527396,6.128817278,4.297333805,4.834286173,3.988599962,4.267819767,3.127876043,2.374045072,3.846141071,2.293802447,2.923726102,3.124710874,4.370262621,2.403852235,2.889349512,2.536195923,1.415136768,3.390659851
c.CORL24,2.500773567,3.933067392,4.673492164,4.732705649,3.615167707,4.096002513,2.088616596,5.05634245,5.453408229,3.730007751,3.564401249,4.331191576,3.298321155,3.422737669,4.20245241,2.972094082,5.11678737,2.535587114,2.49363039,3.466025929,2.87779202,3.829900904,2.816154285,5.390956379,4.554737294,5.525438275,5.8279696,6.977434027,4.862915371,2.798028267,1.848903147,3.011305386,4.072364519,5.651106969,4.289260271,4.681142978,3.756218914,4.365999176,3.600040462,2.232413142,3.952497037,2.152715638,2.983831513,3.143986077,4.239783581,2.261329971,3.526774521,2.219085141,2.093773644,3.209945851
c.CORL279,2.70229583,4.003144297,4.86221598,4.787435514,3.589288491,3.987987355,2.151787862,5.051926529,5.469974964,3.807438579,3.07137377,4.613266055,3.420090009,3.486323985,4.435153529,2.959326547,5.205799477,2.759997368,2.554998966,3.505773655,2.536687734,3.840467808,2.951974332,5.529955124,4.629625813,5.799801279,5.943145955,7.22459442,5.533463731,2.701812148,1.861641664,3.136369588,4.462610102,5.968239857,4.478499033,5.166013132,3.867341199,4.247219395,3.453599082,2.616906925,4.031094781,2.072578771,3.215276144,3.038010958,4.337244084,2.36912173,3.333499932,2.350104919,1.68886512,4.317217334
c.CORL311,2.286375191,3.404848998,4.611722508,4.721953572,3.565338512,3.665893461,1.97136587,5.287006674,5.600015897,3.493346457,3.139716507,4.364807602,3.184060817,3.249879737,4.066325719,2.463648192,4.959002924,2.414815494,2.300974198,3.068016117,2.083958678,2.858498077,2.59115469,5.462415169,4.505612935,5.583883167,5.97152405,7.383544472,5.708773604,1.715947594,1.492436944,2.893451161,4.150312387,5.996743569,4.148216343,4.988852008,3.530364278,3.997351876,2.894403161,1.697361286,3.818619844,1.827196675,2.696425578,2.907667609,4.230881066,2.250420299,2.911316903,1.934470914,1.268208764,2.220893309
c.CORL47,2.643213032,3.814696838,4.75575377,4.415624645,3.140210935,3.929491585,1.843415798,5.299167739,5.509421777,3.643575752,2.625110856,4.330038484,3.083842351,3.272615545,4.114004126,2.635705524,4.856466842,2.831386964,2.617624706,3.164606006,2.010700961,3.319266786,2.573540109,5.611318727,4.715719864,5.814982135,6.028307372,7.32326395,5.159946361,2.126221115,1.489888405,3.001420226,4.166780657,6.001456483,4.311702811,4.975541724,3.851993009,4.290469021,3.076259412,2.240852006,3.725347019,1.775172924,2.666720842,2.94204124,4.209294124,2.21851763,2.93640193,2.192025095,1.580817574,3.713519176
c.CORL88,2.378735731,3.362088464,4.480353447,4.725045521,3.177806976,3.730678282,1.837088819,5.20304365,5.706635224,3.531163184,2.930623933,4.220154128,2.98776275,3.330195961,4.23401179,2.255625288,5.270348399,2.4500656,2.317819268,2.835341541,2.011140051,2.473852523,2.559151486,5.279264047,4.539990254,5.526872548,6.152073383,7.203619082,5.142528027,1.83525739,1.523455719,3.047532201,4.247068396,5.916811413,3.906491585,4.776462657,3.52575676,4.02508806,3.072770582,1.879705986,3.693319313,1.889622639,2.607430416,2.891669784,4.109406573,2.109100386,3.137084671,2.055274813,1.433670109,3.058564435
c.CORL95,3.375569902,4.270489743,5.082768028,4.602731815,3.596108752,4.251915245,2.441851084,5.243993005,5.580618887,4.10530371,3.419562841,4.610408671,3.658566059,3.82147096,4.756489899,2.809373114,5.098466536,3.522584573,3.140502097,3.330630081,2.260186233,3.472843686,3.060220061,5.582475795,4.905366889,5.870584535,5.955602466,6.970011338,5.107399438,2.499850702,1.97778354,3.221501691,4.429877729,6.094641211,4.446655316,5.209276368,4.355935043,4.549429287,3.404063678,2.704954869,4.018898502,2.273909801,3.313147208,2.938996841,4.185382512,2.508668738,3.181695362,2.774761801,1.57562336,3.447707782
c.DMS114,2.549924612,3.434102397,4.677005133,4.635096157,3.75007322,4.176000315,2.347545552,5.278333084,5.5916288,3.899583418,3.70920569,4.577049796,2.712575043,3.005874767,4.216494714,2.706417396,5.20918841,2.764454865,2.69272168,3.364980906,2.618725972,2.735185341,2.840753896,5.948457868,4.499166301,5.487519111,5.928600392,7.464451157,5.678936008,3.118388977,1.704805117,3.249540853,4.342015933,6.349646795,4.298682509,4.740300837,3.605647172,4.350641386,3.245293551,3.107163192,3.832079967,2.464387571,2.923463193,2.839017774,4.199062036,2.296936854,3.055391493,1.926590757,1.427764187,2.369375979
c.DMS153,2.848600131,3.828424692,4.723632178,4.863532702,3.683517443,4.20131685,2.14125294,5.151759806,5.797909322,4.069884744,3.477894442,4.490187489,3.436836323,3.736549961,4.604393882,2.66700723,5.5923592,3.370909877,3.117666658,3.299907441,2.413704865,3.733179408,2.958949784,5.496053676,5.006209333,5.776550494,6.156839806,7.081338424,4.976041514,2.344441284,1.888720923,3.326341238,4.443470768,5.929922663,4.395307082,5.085199424,4.068971506,4.238810839,3.548767964,2.307836064,4.000306937,2.052240696,3.070917457,2.962621813,4.187130931,2.404819498,3.4284211,2.75065922,1.60470514,3.892710328
c.DMS273,2.549081236,3.668271931,4.593358237,4.386067214,3.736605782,3.920304337,2.09337632,5.215225652,5.453406542,3.79088645,3.581152868,4.737814475,3.108984235,3.153082878,4.169828198,2.77216694,5.08431435,3.086701054,2.704771914,3.147832837,2.361626555,3.042644091,2.719518779,5.733375603,4.54497193,5.920164304,5.956558685,7.912227667,6.479282549,2.74316493,1.738032183,3.107980772,4.452314651,6.428716889,4.379639461,5.451484501,3.849218375,4.43186114,3.349015022,2.555659088,3.812959991,2.166407164,2.785796534,2.791676198,4.2528241,2.40940039,2.700526717,1.965079347,1.419449442,2.423205369
c.DMS454,2.60355171,3.649968182,5.065846387,4.381556372,3.145019065,4.001781448,2.070960763,5.307144729,5.384982937,3.780279304,3.297857804,4.935046524,3.561506687,3.80630841,4.482413547,2.647523376,5.524827585,3.36256175,2.895906677,3.077597355,1.795372768,2.749670482,3.2247229,5.697099265,4.624169373,5.912691967,5.803115571,7.163087988,5.415877924,2.11518083,1.690313472,3.89799306,4.743893366,6.549542329,4.409732247,5.776507648,4.057057496,4.434460706,3.049606618,2.257089244,4.14545221,2.693932966,3.067019235,3.618814372,4.661970258,2.275431154,3.024815713,2.432208537,1.643763441,3.82620903
c.DMS53,3.001043546,3.684649156,5.137525384,4.616343798,3.757044783,4.217041573,2.419521527,5.240727081,5.467192787,4.089801891,3.601972691,4.940865847,3.759587634,3.888720425,4.713633463,2.746175646,5.648063204,3.34297279,3.072385384,3.40582725,2.369945439,3.01925447,3.184960311,5.87815743,4.914600235,6.047274558,5.857191488,7.323177353,5.832549221,2.467305728,2.048050763,3.696025655,4.717598365,6.490361214,4.632457392,5.286378076,4.194947053,4.517647372,3.178842801,2.762714146,4.080219444,2.494302707,3.346428749,3.386627471,4.630177913,2.740287519,3.035960672,2.698514515,1.618898532,3.252599011
c.DMS79,2.703577015,3.744143375,4.76495094,4.887464702,3.618576036,4.198235662,2.194280807,5.143099208,5.713816934,3.897829628,3.427333666,4.459328255,3.443049065,3.788691947,4.167470744,2.78012457,5.247946866,3.139185111,2.889454084,3.437139575,2.726664812,3.88673987,2.795348989,5.421521041,4.839786784,5.646354901,6.062954701,7.004087798,4.928374641,2.475092968,1.724492332,3.079415855,4.282734387,5.840181019,4.244598962,4.855047098,3.869188233,4.376598981,3.27255734,2.293036474,4.015488013,2.121149851,2.918270933,2.903266239,4.173505531,2.393014486,3.324936881,2.401027685,1.811059695,3.710922284
c.HCC33,2.228758914,3.553885613,4.566864628,4.675676064,3.402024118,3.731257168,1.775808518,5.139813251,5.753469238,3.308325854,2.965172798,4.260417261,2.937305453,3.072821141,4.028717216,2.431466505,5.090164813,1.976821198,2.073714519,3.009374259,2.174437064,3.46082504,2.382694891,5.467931699,4.298900424,5.657771041,6.239711209,7.204170276,5.113419357,2.039672366,1.275723784,2.74905694,4.069997557,5.810266628,4.095891247,4.506044956,3.351864732,4.030271107,3.162644705,2.176416178,3.716563434,1.630832606,2.598484117,2.740646607,3.993067402,2.003358043,3.396853127,1.989544358,1.581805193,3.342998832
c.NCIH1048,2.858959068,3.707833805,4.747597747,4.849142404,3.723976506,4.423013193,2.375412541,5.18581454,5.689377624,3.964183515,3.492947219,4.648604183,3.199686775,3.445318023,4.425837159,2.804367565,5.138590905,3.452858437,3.113649583,3.38295891,2.749987519,2.855092919,2.898195659,5.53815824,4.63617472,5.55484903,5.91088503,7.303211319,5.405957284,2.971650648,1.865766729,3.212689865,4.39973853,6.145455888,4.41762088,5.504732088,3.970129828,4.36085703,3.381793861,2.769704651,3.809713008,2.293742145,3.088458218,2.921968053,4.211742287,2.485446387,2.743754462,2.100408683,1.528805051,2.185575431
c.NCIH1092,2.099286242,3.240082215,4.387375674,4.621533794,3.150839869,3.637934255,1.54910693,5.147092207,5.57653803,3.282395903,2.785971238,4.185912395,2.931553502,3.159830927,3.876728471,2.419822427,5.03541655,2.123777642,2.119717671,3.050645847,2.240741424,3.623744692,2.421384604,5.201465092,4.416760179,5.342884899,5.959299053,7.107588145,4.95424756,1.849491505,1.379184772,2.792036206,4.071628419,5.855609308,3.934903767,4.544121863,3.335597873,4.103916616,3.162747082,2.011141486,3.730364675,1.797604945,2.428671084,2.845087871,4.093607703,2.000789703,3.261301212,2.160454547,1.608285576,3.891123071
c.NCIH1105,2.21441421,3.2667267,4.61026345,4.679042143,3.399348212,3.769276793,1.754442084,5.123284221,5.662143037,3.308677393,2.675868163,4.109803809,2.860606532,3.149180953,3.960342616,2.38774823,4.868738694,2.406977689,2.29107884,3.026140195,2.267853249,3.133907174,2.410493048,5.164542329,4.475216764,5.433198087,6.109837322,6.885895358,4.762629649,1.86375364,1.465158409,2.823410008,4.020251827,5.467856234,3.877366779,4.331324617,3.467824852,4.002538787,2.974399099,1.641459954,3.703771584,1.684669291,2.552104272,2.80320148,3.908931451,1.993266145,3.129396526,2.257713384,1.50473888,3.29090993
c.NCIH1184,2.204587375,3.30537291,4.437766238,4.671810458,3.694920554,3.86557655,1.641635807,5.172489733,5.679483814,3.44878805,3.130919915,4.201990319,2.640350311,2.912239856,3.838624294,2.464496283,4.901122509,2.309203547,2.277866579,3.010240445,2.183716913,3.619367566,2.49599215,5.210016033,4.446706896,5.382870345,6.109278766,7.165762146,5.088752052,2.340279357,1.413963237,2.942342885,4.063724258,5.827211648,3.86071403,4.555220362,3.405913378,4.077950558,3.1915194,2.048973158,3.686842323,1.902798047,2.653576532,2.724854347,3.943811743,2.026929646,3.122180973,2.036811953,1.510610659,2.773000212
c.NCIH1339,4.400863923,4.414138033,4.488953424,4.567524622,3.051655616,4.717815488,3.304551901,5.34098049,5.500674812,4.402968715,3.704896021,4.675830455,3.023676799,3.249846809,4.39223535,2.79182261,5.386983721,3.65681017,3.460590062,3.463348504,2.303500781,2.418508311,3.546113912,5.678898476,4.645496874,5.814471455,5.793969836,7.425447852,5.752232276,3.890793019,2.877838239,3.480670445,4.410334784,6.024754015,4.643697066,5.837815296,4.231715245,4.374494997,3.568413247,3.028618569,3.719167485,3.018411948,3.617404053,2.506905093,3.956015167,3.067951819,2.598687284,2.650104251,1.127506998,1.615858977
c.NCIH1341,3.107304516,4.116098257,4.814234929,4.880635498,3.724920211,4.245513863,2.352271638,5.232949827,5.913156807,4.308221806,3.326601887,4.750909766,3.382599154,3.583795683,4.400597907,2.991569862,5.134923228,2.841305031,2.701258585,3.4004255,2.911423296,3.369971399,2.774628529,5.635118608,4.737627729,5.983789872,6.234183716,7.518482054,5.924251916,3.099306883,2.028156645,3.353298693,4.550398528,6.180931454,4.517357608,5.461716952,4.422883136,4.351305052,3.528518323,2.991053193,4.053419302,2.636108513,3.074130501,2.844297853,4.254295556,2.396610196,2.9124909,2.315517209,1.56056078,2.459318101
c.NCIH1436,2.366203519,3.390380814,4.413143937,4.590030941,3.295064385,3.778997052,1.801259191,5.053338735,5.681750937,3.576171542,2.826001508,4.296106058,3.036168795,3.381726037,4.160006832,2.337175807,5.054169623,2.809975623,2.48776987,3.171137514,2.233986652,3.51206459,2.544287772,5.363414938,4.726707173,5.592370873,6.086202088,7.157378804,5.066929554,1.980269063,1.509743879,2.97424236,4.260358638,5.937864775,4.096263441,4.772229573,3.65971096,4.066376086,3.118334796,1.850804285,3.742339826,1.676705705,2.692703267,2.896170117,4.150612344,2.187339441,3.211689444,2.264639448,1.416913986,3.305999608
c.NCIH146,2.294803986,3.344314711,4.462792358,4.611430363,3.312144611,3.698471683,1.921941219,5.394726601,5.719284299,3.536579539,2.851915878,4.462979335,3.0846201,3.3286868,4.295306664,2.499100981,5.099468078,2.348668724,2.26771975,3.121988292,2.482532398,3.216210024,2.677552029,5.472675051,4.680568975,5.658987887,6.191275215,7.501932643,5.764306077,2.057175873,1.46209264,3.053544799,4.211581872,6.314680963,4.024286465,4.983882668,3.640872756,4.12432672,3.193303003,1.645426124,3.670202419,1.848833604,2.836653128,3.055481898,4.07288507,2.221339128,3.155978567,2.129504629,1.500450662,3.223431412
c.NCIH1618,2.492898855,3.395995909,4.594803819,4.78995224,3.431846856,4.041203643,1.968837717,5.082018298,5.619478528,3.807678039,3.181736423,4.366096238,3.160008295,3.509350559,4.171830202,2.389075725,5.235360492,2.715002812,2.49674905,3.067012869,2.159746814,3.392671892,2.545052248,5.281501918,4.683046199,5.385517481,5.960063702,6.998347756,4.844871148,2.058534353,1.468518061,2.980978475,4.295110278,5.891822586,3.931992565,4.692364049,3.620919521,4.082513984,3.146271278,2.183423666,3.796372963,1.908203888,2.737164588,2.824720156,4.122011881,2.182490902,3.095593551,2.169390299,1.588864081,2.777617671
c.NCIH1694,2.27502195,3.419905002,4.112892482,4.785680902,3.503779262,3.866305611,1.870638461,5.068227674,5.653650141,3.360362881,3.149593557,4.324985723,2.835537358,2.961092007,3.772232815,2.641969802,4.853403156,2.288729812,2.262650258,3.12100244,2.299303046,3.529849641,2.508769416,5.259128038,4.472201529,5.45690322,6.043186495,7.234357262,5.16878878,2.125453976,1.457600819,2.768811031,4.18658768,5.886007087,4.045537671,4.770521995,3.594774287,4.07088815,3.083161281,1.853837604,3.702952991,1.877530179,2.657747407,2.623203731,4.100252032,2.042553259,2.984585921,2.059881005,1.766816477,3.329051241
c.NCIH1836,2.177669109,3.185111307,4.203373096,4.525714278,3.302547803,3.716530931,1.814006213,5.075802172,5.404270524,3.507447742,2.563630562,4.177948342,2.789343203,2.97409893,3.921388468,2.340612463,4.995446302,2.494019467,2.439099187,2.951035242,1.999442228,2.901576253,2.418912658,5.171226811,4.659871963,5.30442021,5.886880138,6.949250611,5.068881256,1.970123358,1.420256319,2.780698408,4.008983095,5.706104078,3.694840745,4.599684518,3.525190751,3.975007194,2.9777836,1.950468221,3.662663991,1.755040642,2.495800729,2.802222764,3.921297438,2.037480991,2.925582335,1.957636814,1.402086837,3.250034807
c.NCIH1876,2.542346067,3.468063229,4.758961192,4.704702363,3.857161963,4.184146441,2.073036416,5.113122705,5.51943884,3.77964482,3.382909796,4.232992933,3.077219906,3.337232309,4.189790426,2.505349534,5.175088397,3.025546544,2.665122962,3.237976478,2.265023284,3.293134771,2.680617005,5.213763735,4.625118352,5.289093336,5.843674404,7.074825936,4.951737284,2.568127617,1.565306352,2.889181681,4.095582715,5.797399117,3.988091406,4.784703553,3.639770414,4.077246904,3.525997823,2.713776581,3.836466944,1.931792006,2.943242016,2.722171843,4.00827504,2.218137307,2.971378532,2.243595014,1.423940503,2.870677302
c.NCIH1930,2.35342378,3.241408779,4.409782026,4.544417525,3.800770762,3.830321583,1.818816954,5.303115036,5.649047821,3.520687543,2.979965953,4.304378303,2.917708324,3.119509448,4.054070486,2.466853168,4.972180755,2.362015592,2.245455597,3.051414817,2.348098253,3.574672373,2.583398892,5.334118115,4.464812907,5.475028964,6.080942078,7.305864037,5.547284285,2.198027293,1.523166008,2.906224768,4.298313648,5.983853133,4.10433137,4.593600531,3.558158698,4.126925482,3.239933423,2.058382856,3.726328757,1.869379426,2.925040252,2.893614675,4.088293437,2.113550753,3.423488386,2.14708299,1.538641518,2.948045899
c.NCIH196,3.482177033,4.206306067,5.098542789,5.097630367,3.865902922,4.985554119,3.128599894,5.359810387,5.756815338,4.575332052,4.093153009,4.862701922,2.953211677,2.960421875,4.459894407,3.499148424,5.690487581,4.540806864,3.865042208,3.818994362,2.707582602,3.129450381,3.451807442,5.959765486,4.851901026,5.829779203,6.010446506,7.20798636,4.971192231,5.191065876,2.540307081,3.641028463,4.616285603,6.012642779,4.546552753,5.528533945,4.07176354,4.002966294,4.605222705,3.988605024,4.030868175,3.118663731,3.406960389,2.75957831,4.149074024,2.88579252,2.612095037,2.27608796,1.272568277,1.741558973
c.NCIH1963,2.12769495,3.211711677,4.355942209,4.623654773,3.289976562,3.742203535,1.638566645,5.216631645,5.613625306,3.475423324,2.795723291,4.088932892,2.718863222,2.998920344,3.887631238,2.430293708,4.969815615,2.259988347,2.17140821,3.040218159,2.061583754,3.638199025,2.470905617,5.227186931,4.517444192,5.352445472,6.030984439,7.197298925,4.972164855,1.866926358,1.322790083,2.728946862,3.981797922,5.859171939,3.952127791,4.666147591,3.340635124,4.056777786,3.077054228,2.08502682,3.755222202,1.716176873,2.618372982,2.720216246,4.077742849,2.014608535,3.115676945,1.985343722,1.41030988,3.190119133
c.NCIH2029,2.753613877,3.548295656,4.530505597,4.583162119,3.413191021,4.014240722,1.996994283,5.156701929,5.506924205,3.711179433,2.960731429,4.531921097,3.185227092,3.349297502,4.301504194,2.410136785,5.113823401,3.291696787,2.918726979,2.888130783,1.946379961,2.913849691,2.621280927,5.392300772,4.741774153,5.503563628,5.966490906,7.045938213,4.99328593,1.72300312,1.795302367,3.137364277,4.196762165,6.044400968,4.008049508,5.013448847,3.770972886,4.184276581,3.061438794,2.06222731,3.840333543,1.893819841,2.706215135,2.883892895,4.040997278,2.180753382,2.90932612,2.256671098,1.344411253,2.982787878
c.NCIH2066,2.672349313,3.5342849,5.304248898,4.547437244,3.384932009,4.072377712,2.110366151,5.082474691,5.490383061,3.617761045,3.170946548,4.604690926,3.19204762,3.3265211,4.614148705,2.416340181,5.276756791,2.491835457,2.33462892,3.040791411,1.995619831,2.842358855,2.796571049,5.645606721,4.474411497,5.871046571,5.793133134,7.110646961,5.243144897,2.306661267,1.791437146,3.774378782,4.633538491,6.051097277,4.250561836,5.311318515,3.786452737,4.139520286,3.380062108,2.403595048,3.956804404,2.160550957,3.043333711,3.23201317,4.172210442,2.235153488,2.985513111,2.216007051,1.481925253,3.191983784
c.NCIH2081,2.340425243,3.398866148,4.50830773,4.604114764,3.225385363,3.643935529,1.911022386,5.11440077,5.482382398,3.562802367,2.829329969,4.403564743,3.191400816,3.291714168,4.111035065,2.510895199,4.923130033,2.726512058,2.471547644,3.210688773,2.100662686,2.955467738,2.603186667,5.389898911,4.655624285,5.57593051,5.942533228,7.124529146,5.30046581,1.947134406,1.574837693,3.025185735,4.247252305,6.026909864,4.047498362,5.030484769,3.725784408,4.121456618,3.199206978,1.933457876,3.816211133,1.794568302,2.765291072,2.970887429,4.223746006,2.160795191,3.007148396,2.336471489,1.547741078,3.934384353
c.NCIH209,2.174450123,3.241749704,4.226228191,4.499220269,2.954748194,3.676517631,1.737298661,5.192769185,5.578319647,3.314690292,2.620690708,4.298834781,2.826457183,3.15296474,4.027740823,2.247961484,4.931049316,2.310026029,2.233838696,3.115402782,2.013810621,2.993244176,2.413764683,5.41853935,4.569680774,5.463264637,5.986271841,7.191877956,5.004690677,1.746257845,1.289958776,2.96260018,4.081083315,5.984213669,3.928221617,4.565165984,3.488709553,3.978802678,2.88437679,1.42927253,3.664086604,1.54300218,2.52032094,2.724322634,3.926797503,2.050820192,3.023478082,1.926381615,1.303983912,3.092201524
c.NCIH211,2.357964266,3.186250947,4.358359212,4.525563267,3.577294991,3.88085931,2.194230947,5.199503642,5.717916793,3.635575562,3.349644947,4.423369382,2.993115242,3.288170782,4.255982235,2.344779831,4.953783259,2.454118621,2.437384177,2.799560485,1.814462275,2.445825213,2.499728645,5.379516898,4.554304726,5.641937838,6.008756817,7.634426826,6.169939869,1.95393458,1.479442279,2.978732606,4.220231762,6.169207695,4.092916233,5.428908429,3.687638904,4.001567157,2.994332765,2.044628713,3.759848651,1.726266274,2.801586877,2.557451761,4.131671813,2.169171608,2.702650489,1.792608659,1.01456994,1.634230028
c.NCIH2171,2.38310014,3.451492976,4.355426177,4.700714023,3.709196927,3.739034377,1.660518116,5.218445251,5.619439356,3.249902845,2.97165056,4.423934963,3.020026383,3.267809268,4.050550422,2.63489709,4.67769766,2.107104985,2.219415699,3.168490367,2.439219387,3.337079565,2.396496861,5.366215963,4.4008081,5.564465275,6.02822218,7.457441068,5.880572838,2.098081324,1.487225608,2.933909011,4.122151801,6.079415951,4.101567819,4.959290149,3.662277178,4.197114164,3.00762377,1.968548438,3.793174233,1.703074891,2.753646587,2.743994596,4.123303376,1.999400805,3.174757049,2.031453534,1.661775699,3.14394312
c.NCIH2196,2.958848853,3.803351846,4.832121349,4.554958182,3.440526801,4.387423002,2.476895421,5.191926258,5.328489382,3.881233865,3.328760239,4.553462334,3.44684676,3.656645067,4.579438967,2.883533027,5.207150881,3.879673719,3.333341167,3.300620838,2.509288182,3.355879532,2.998674611,5.138347041,4.651024929,5.499108878,5.794037828,6.769531017,4.890717308,2.469462286,2.134061529,3.288186471,4.441968077,5.950902989,4.287049241,5.026382488,4.145415322,4.236807266,3.449276645,2.29594866,4.022809689,2.628310087,3.040273691,3.231392346,4.226979411,2.51645691,3.166627629,2.614345402,1.806286395,2.850543519
c.NCIH2227,2.11534427,3.288848023,4.351007212,4.465774224,3.459197161,3.799960088,1.900786385,5.141506615,5.162377503,3.505997442,3.018803006,4.403229856,2.641380757,2.894584502,3.75268511,2.71437389,4.788175324,2.560817347,2.39519551,3.166388647,2.393503251,3.693729969,2.654518445,5.104038213,4.465227591,5.232025106,5.589952315,6.954029265,4.983571395,2.291175423,1.459194067,3.048134578,4.138606927,5.842709364,3.996846848,4.535519381,3.324118072,4.012851944,2.989491258,2.3399978,3.707921895,1.904190965,2.611967922,2.791870393,3.923806363,2.10215381,3.16015304,2.032937966,1.52774274,3.103136209
c.NCIH2286,4.059145121,4.295052575,4.739086996,4.860316443,3.132126711,5.161756043,2.981943211,5.345631954,5.84320192,4.423510031,3.445133542,4.688110399,3.184055354,3.4138099,4.491733839,2.897648985,5.402708406,3.6598329,3.340147903,3.586813629,2.544715604,2.59011886,3.207814623,6.003579431,4.760051002,5.802419511,6.105693617,7.691309505,6.217688358,3.81583103,2.520650318,3.475796654,4.373349146,6.041331612,4.51066462,5.361134582,4.09121506,4.354918354,3.932584132,3.464812614,3.710803721,2.760303784,3.322848622,2.66901334,4.117232191,2.873268488,2.702590169,2.237123717,1.257566375,1.709789449
c.NCIH446,2.584012851,3.570962099,5.254812421,4.671832077,3.586490654,3.827252715,2.068456673,5.202510422,5.645116009,3.644742254,3.0846386,4.600349916,2.777949898,2.965484371,4.299741782,2.843143638,5.19720664,2.064209958,2.015683501,3.26420508,2.729177707,3.448282669,2.548899837,5.430919086,4.470546642,5.788267503,6.101187606,7.375001415,5.727373342,2.879640795,1.628764833,2.896245759,4.19426778,6.050126635,4.178162298,4.873265639,3.705878762,4.140269933,3.575732481,2.52131335,3.877168489,2.092839187,2.722439596,2.801080968,4.109459473,2.217591722,2.839983658,1.868845574,1.542981845,3.205658838
c.NCIH510,2.656452701,3.731869745,4.53876998,4.612372037,3.456408561,3.756359233,2.145694254,5.055764679,5.444750266,3.642442639,3.478046258,4.509212558,3.266022196,3.477862551,4.138683824,2.567240259,5.197369448,2.713010356,2.576455135,3.253465783,1.99048831,3.057160094,2.628169484,5.439501341,4.760727341,5.593109243,5.878451642,7.196733328,5.487507901,2.272393677,1.671351552,3.234073736,4.360117878,5.989101306,4.366739654,5.007929549,3.818669911,4.289850484,3.090772227,2.581492185,3.893374474,2.019736466,2.821511081,2.925624394,4.222763683,2.282280132,3.207888592,2.215000031,1.526467715,3.198148131
c.NCIH524,2.168899446,3.465695174,4.216149949,4.512313185,3.552712088,3.74462961,1.779716008,5.286475803,5.637752689,3.263726736,2.929508741,4.452294042,2.939690417,3.080538388,4.051943456,2.711171143,4.850289431,2.227267314,2.237452319,3.017309946,2.2757262,3.37390202,2.388932729,5.619904737,4.420069483,5.683241344,6.094999444,7.72981671,6.184011729,2.237588195,1.496924793,2.990393291,4.261349181,6.119284847,4.163053575,5.058722438,3.526751409,4.301646781,3.021877231,2.280215145,3.761716572,1.712615823,2.781315054,2.776852181,4.182462639,2.262013882,2.957220394,1.921280874,1.543538376,2.955766872
c.NCIH526,2.459152498,3.499003601,4.9477802,4.726820304,3.269417093,3.865547305,2.035151327,5.342562994,5.804462006,3.68764548,3.238763163,4.520809047,3.294105529,3.581466885,4.242636484,2.471332287,5.162461315,2.985974301,2.811477297,3.215110932,2.258021193,3.028003018,2.699265155,5.459929354,4.669488572,5.83673451,6.14633121,7.494285879,5.397586798,1.99004536,1.597322665,3.10215012,4.403628757,6.316740419,4.417450418,5.231903364,3.831502668,4.11902438,3.069650962,1.947246181,4.009340968,1.886864746,2.869813108,2.863751381,4.373488289,2.43895206,3.141568357,2.117831531,1.340574462,2.399917239
c.NCIH69,2.542795763,3.639735036,4.564605165,4.686221096,3.492460093,4.084601846,2.121034473,5.204483984,5.717099043,3.686319187,3.024257391,4.34340273,3.333194848,3.441214975,4.321458999,2.54059075,4.984575772,2.239658555,2.234630904,3.277957231,2.364556755,3.721185691,2.486341089,5.449754745,4.64310077,5.696348773,6.134876141,7.327874564,5.566367067,2.484732038,1.570786361,2.968442106,4.049179665,5.978944884,4.151219348,4.954124971,3.823483396,4.22776412,3.386799386,2.292760329,3.785364829,1.727380221,2.799267174,3.073569364,4.169500368,2.222001894,3.092999166,2.302053786,1.708992815,3.622591017
c.NCIH82,2.019061482,3.146251261,4.506517952,4.577771064,3.461948662,3.587073689,1.744714186,5.341024462,5.865422577,3.319560386,3.011312516,4.558879512,2.566955802,2.7465575,4.130174422,2.54380472,4.92412705,1.917661784,1.887164263,2.815490522,2.065166157,3.232666913,2.364792977,5.620453814,4.40341714,5.771680899,6.275390113,7.92508631,6.452937147,1.998806976,1.464647502,2.896830371,4.324983946,6.263536875,3.98042056,5.145982541,3.418133972,4.027577157,2.870927534,2.128844105,3.71542389,1.900153381,2.577011744,2.674897524,4.236475862,2.155118757,2.816718519,1.684448712,1.396884619,2.40570077
c.NCIH841,2.611816211,3.507707355,4.890764319,4.622992613,3.934756714,4.097144571,2.256059548,5.326550852,5.481116521,3.671721339,3.575100701,4.608643393,2.737990842,3.163201477,4.269873229,2.66891529,5.161661422,2.966042626,2.718873291,3.436802414,2.398510713,2.831096222,2.799662522,5.384767763,4.35262191,5.529035264,5.934986124,7.350347855,5.477544273,2.7776637,1.727306557,3.281565533,4.557650332,6.282790011,4.30710804,4.952420466,3.721304802,4.161142389,3.208905732,2.162701466,3.785003121,2.556631813,2.893255514,3.11792198,4.335354135,2.398621735,2.989119056,1.719690195,1.435328002,1.672073053
c.NCIH889,2.24489949,3.282316158,4.359210683,4.427301342,3.217089493,3.645959799,1.838237298,5.168086151,5.359919658,3.680952795,2.852198573,4.446697297,2.919054139,3.158724982,4.113871781,2.503997493,4.98955691,3.02487567,2.629854596,3.064067442,2.093652861,3.216814748,2.564062267,5.470960164,4.478345153,5.573978822,5.853580223,7.279649459,5.329002096,2.302255195,1.63332836,3.059637676,4.242199927,6.011566283,3.938626235,4.963665132,3.709634032,4.149772896,3.105889111,2.578721644,3.667623493,1.929410518,2.690785911,2.796238588,4.053596138,2.226629366,3.111007587,2.234640166,1.376367184,3.633232726
c.SBC5,2.535990431,3.389862374,4.539448577,4.363459865,3.664817333,3.892409228,1.995258196,5.169616056,5.183743049,3.545578626,3.751913024,4.634007659,2.623521555,2.946843426,3.962901944,2.690352127,4.96386529,2.939032434,2.610477871,3.369573787,2.480232069,3.2441083,2.762247258,5.641220493,4.219598574,5.352992006,5.44999803,7.15090939,5.318512424,2.60447252,1.804196637,3.285707576,4.246145023,6.304851212,4.238512356,5.083129917,3.780979837,4.075151322,3.164621738,2.578689038,3.712719208,2.532834128,2.784416736,2.766279237,4.169624354,2.474022566,2.592599434,1.607560902,1.351608909,1.587891858
c.SCLC21H,2.292209475,3.675159237,4.922580428,4.516309812,3.467204281,3.605549752,1.822770182,5.018226969,5.234363412,3.511898571,2.692202127,4.437785335,3.18673888,3.34616741,4.27569607,2.774854917,4.766742656,2.444743396,2.348316907,3.288284551,2.294543811,3.553466527,2.592275042,5.617376198,4.421774086,5.464284337,5.647340864,7.281212175,5.551368676,2.213780442,1.568490666,3.010822118,4.121292997,5.860080598,4.043403593,4.957877348,3.72176336,4.263650478,3.08249092,2.182249105,3.838119524,1.945761463,2.834092678,2.860436152,4.204350705,2.192529016,3.156148813,2.043209237,1.564012091,3.511372876
c.SHP77,2.74346023,3.565782477,4.469495736,4.501238662,3.512905726,3.927890502,1.848329421,5.359899531,5.522293941,3.674430066,2.977299838,4.545273093,3.072126939,3.30141353,4.113820499,2.684491961,5.118844103,2.623673467,2.597685173,3.126509894,1.899898709,3.145855916,2.72419985,5.708188122,4.662397441,5.802504035,5.841140211,7.385016628,5.749768188,2.384851535,1.649528229,3.290842249,4.469393619,6.492801986,4.196855748,5.420401367,3.843084666,4.267864055,2.87621022,2.670873719,3.816872117,2.091103856,2.789638785,2.913939841,4.15194135,2.231612801,3.005853379,2.233696102,1.25797038,3.257549124
c.SW1271,3.549366362,4.055006985,4.446576604,4.950825932,3.423458389,4.919271804,2.793583668,5.403780728,5.834589327,4.286929211,3.248914903,4.465613458,2.933216258,3.018847488,4.430846513,2.662677282,5.36386814,3.715360377,3.194147739,3.397023681,2.310448971,2.296086394,3.036013143,5.726799517,4.754055747,5.561153321,6.094710212,7.602412188,5.915716265,3.457487026,2.340714998,3.252085636,4.300780883,6.136697502,4.439530087,5.131966095,4.045293298,4.14398206,3.674088464,2.403592048,3.609525555,2.719376675,3.283846153,2.592689697,3.83331919,2.571669434,2.610267394,2.332511139,1.10135936,1.522444309
m.DMS153,2.654705732,3.654249476,4.637844086,4.669839452,3.52072422,3.979820308,2.005781695,5.152350962,5.617441365,3.857815812,3.322085378,4.350504703,3.243027889,3.515811596,4.391056395,2.589952858,5.365781643,3.110196237,2.920917367,3.175639017,2.147601752,3.479444597,2.780909081,5.375997469,4.812942157,5.629162367,5.986873129,7.16399987,5.104385548,2.139234375,1.756882352,3.126727677,4.361247344,5.954927319,4.201809378,4.872447946,3.858798392,4.107820711,3.36256387,2.163978832,3.839585331,1.930309007,2.880432104,2.893891987,4.143882122,2.345932811,3.295541253,2.586340307,1.558988381,3.754148026
m.HCC2433,2.266832047,3.4436947,4.400318866,4.623605756,3.237744877,3.878411487,1.73484879,5.163471074,5.549835418,3.62984983,3.093059301,4.302458026,2.865182801,3.076334027,3.994573292,2.733947151,4.861032934,2.188609734,2.125923512,3.159130074,2.357911556,3.502539127,2.56478755,5.345969241,4.522764974,5.318921817,5.997844211,7.236472685,5.152133882,2.253508878,1.482355359,2.854900983,4.009821668,5.880631191,3.935117416,4.792841671,3.510410621,4.250615301,3.065510961,2.050023083,3.771812306,1.949304393,2.709509185,2.641773789,4.022001452,2.076062359,3.081961973,2.071346385,1.633774027,3.311712074
m.HCC33,2.041061662,2.949675855,4.328134045,4.616601271,3.345446169,3.706862951,1.695589195,5.180031073,5.805601829,3.193158692,2.805532095,4.168065125,2.731137089,2.968559187,3.895140574,2.276267523,4.911267781,1.897024805,1.982728983,2.90714422,2.107188091,2.975802838,2.25063474,5.237925631,4.253795354,5.458743599,6.269830692,7.265414491,5.348723221,1.953270777,1.200390106,2.664483325,4.018575998,5.907489674,3.835410627,4.587139661,3.155229003,3.987667488,2.931897931,2.004768336,3.507776175,1.492215606,2.385449404,2.550240366,3.878316916,1.974524017,3.19154695,1.872738802,1.391779771,3.208976139
m.HCC4000,2.365698981,3.449221883,4.534350622,4.469410053,3.226423977,3.687945226,1.835069509,5.167937586,5.525453352,3.556650127,2.662089313,4.260866655,3.139096428,3.250689497,4.007249287,2.469078212,4.925094419,2.407559599,2.286990702,2.943379,1.952761549,2.816560753,2.439030619,5.550262725,4.502125563,5.568767586,5.965627033,7.233790551,5.444094908,1.768602666,1.518555698,2.839098049,4.102032692,5.817049428,3.94795415,4.787841884,3.620822782,4.120514607,3.092802578,1.951022348,3.697749193,1.694353658,2.604685143,2.871111661,4.017068318,2.129130119,3.062578066,2.12805246,1.457008698,3.319824362
m.HCC4001,2.097173223,3.466020308,4.511888952,4.54004011,3.546788275,3.599540999,1.705451608,5.170422464,5.572339875,3.206520512,2.687146437,4.252639061,2.850973248,2.935106586,3.738989694,2.570294475,4.830597677,1.801534854,1.917812354,3.057307723,2.622063924,3.19788456,2.310316342,5.306659694,4.454107871,5.518699473,6.036532153,7.484502197,5.876049714,2.109491182,1.36462299,2.788675248,4.155010613,5.91223923,4.098615745,4.745381486,3.437440194,4.069187084,2.933259642,1.872794508,3.602016528,1.601976998,2.495390194,2.659662494,4.106250411,2.020726864,2.878534776,1.717726239,1.57584093,3.048147647
m.HCC4002,2.64499496,3.937433165,4.496699889,4.67170901,4.072218922,4.148549739,1.994164933,5.028562729,5.527384448,3.633149771,3.069041268,4.318994481,3.167148687,3.326452105,4.125755693,2.702114561,4.943111017,2.591825444,2.517320885,3.32688265,2.399891178,3.976325725,2.677574714,5.294666912,4.605368285,5.362034928,5.901883804,6.997662974,4.850875924,2.535123987,1.744217425,2.972894396,4.052356905,5.708055045,4.298307192,4.700728181,3.705267745,4.261390529,3.50363138,2.457888085,3.862195421,2.010104792,2.878242469,2.838481371,4.00496173,2.136737407,3.275012227,2.282263417,1.660988048,3.415643184
m.HCC4003,2.517553909,3.730228952,4.299846435,4.455096407,3.237607109,3.871978667,1.992064078,5.088883458,5.346252783,3.603428491,2.988206795,4.364340946,3.155728735,3.308035906,4.032236922,2.546035099,4.936060209,3.144755374,2.759459409,3.083989547,2.311117843,3.340514486,2.558326174,5.498314319,4.631463836,5.55131736,5.792598594,6.847226189,4.787800456,2.057073607,1.618004448,3.11503036,4.129614471,5.765004705,4.15757812,4.701763627,3.727218766,4.337996356,3.125571933,2.213473908,3.903138686,1.904765891,2.781267658,2.862447216,3.956962547,2.159764866,3.088166416,2.220617028,1.552690885,3.549587456
m.HCC4004,2.551772132,3.876876608,4.331942486,4.694986484,3.81149548,4.150541443,2.035957537,4.989665152,5.473698506,3.537143958,3.331393028,4.281957581,3.210517667,3.341209155,4.146677378,2.652248219,5.000985818,2.50283516,2.468558827,3.317812442,2.541087267,3.87860416,2.624701274,5.255426215,4.570941768,5.276564862,5.79110159,6.960570703,4.736375375,2.497689769,1.706533763,2.960223729,4.062447004,5.661241394,4.214753287,4.782400821,3.638470864,4.153782141,3.546052451,2.223368424,3.869794147,1.995206266,2.791216718,2.938438821,4.007056491,2.167125746,3.221449226,2.331088905,1.659286346,3.516389893
m.HCC4005,2.330524972,3.642963934,4.92594693,4.64619031,3.274819017,3.646895774,1.857473436,5.205932107,5.661300081,3.54770651,2.94816527,4.424211106,2.915248654,3.178332541,4.137875169,2.664126364,5.104731892,2.335782967,2.324320713,3.196902665,2.097898333,3.329767386,2.489640347,5.586466439,4.539478518,5.976802327,6.078497131,7.473888281,5.451040211,2.238402427,1.465559928,2.977697887,4.29379115,6.144717685,4.263014313,4.815373408,3.545264882,4.363127265,3.190159899,2.239508353,3.819291318,1.784515367,2.666554072,2.84364356,4.273568008,2.154463043,3.334827509,2.123693839,1.62037623,3.454718888
m.HCC970,2.497801079,3.975772497,5.378586489,4.875544,3.485758728,3.840110646,1.825974446,5.222401192,5.734844929,3.696392951,3.032455093,4.535688662,2.996198626,3.229792543,4.053425992,2.762873299,4.954657856,2.002361245,2.199571071,3.292599895,2.654100536,3.618769693,2.557733408,5.435033791,4.724261209,5.873553014,6.219609532,7.440693468,5.323264079,2.52111155,1.461183005,3.062761815,4.333736968,6.075878335,4.261157695,4.957052029,3.62984272,4.198648794,3.235579738,2.12858929,3.789689485,1.887589839,2.749343149,2.711320656,4.292573843,2.12705234,3.200893676,2.150139892,1.606261298,3.370321489
m.NCIH1048,2.599887038,3.3802285,4.646548728,4.882316567,3.621635343,4.215639845,2.224761943,5.182678589,5.791884472,3.791784935,3.336684657,4.516459876,3.0854913,3.402138571,4.33344261,2.631910414,5.114748064,3.273655234,2.93908906,3.312582508,2.673677709,2.899963905,2.768256526,5.431892009,4.579600195,5.44415422,6.072301214,7.327705771,5.384475356,2.693614246,1.742088542,3.077790747,4.319364698,6.011049118,4.218014185,5.258652936,3.774525211,4.235047294,3.242351595,2.499148212,3.734734142,2.1017584,2.940832323,2.8746891,4.177964381,2.392582815,2.801119405,2.071621689,1.479618691,2.337596953
m.NCIH1092,2.294531417,3.542985698,4.378957958,4.679335121,3.220670189,3.697833205,1.641210342,5.143559058,5.500453586,3.3715902,3.095573856,4.276554124,2.907067611,3.005357986,3.905554467,2.598871487,5.089350704,2.025784753,2.088255674,3.133631787,2.124700644,3.70284685,2.472848833,5.234118928,4.423597109,5.362551767,5.904218456,7.10990276,4.894432611,1.969893336,1.445439179,2.847350504,4.121487106,5.834675348,4.040489715,4.655779255,3.468150549,4.187147456,3.248590314,1.948529687,3.76482357,1.818258124,2.563335834,2.868753834,4.044752885,2.032506556,3.286856096,2.101330242,1.601765831,4.062883351
m.NCIH1184,2.734568595,3.732059188,4.773928111,4.850755548,3.878337691,4.315396904,2.179865031,5.021559058,5.734114029,3.99768628,3.579712184,4.397584094,3.137684649,3.207204203,4.298351494,2.976519156,5.212279201,2.702508165,2.561807027,3.541882511,2.375355189,3.709784441,2.850267171,5.249937589,4.649490457,5.497021503,6.006084694,6.974306643,5.097648318,3.398212508,1.911039944,3.123287813,4.213605482,5.729666162,4.237920788,4.533500811,3.673801479,4.19257675,3.859128422,2.798473568,3.907233364,2.502819708,3.050938908,2.792441134,4.007216216,2.285542686,3.188034645,2.499731026,1.69709452,3.236532514
m.NCIH1238,2.636187558,3.519082503,4.557075492,4.407916916,3.303494038,3.830924628,2.081877916,5.177607347,5.205426969,3.703043878,2.813316109,4.555507565,3.230942075,3.520698042,4.207060978,2.586076947,5.062745624,3.122468484,2.9379313,3.055209692,2.127130087,3.215922191,2.734749782,5.161964428,4.608857345,5.47895895,5.660985092,6.856741102,4.83059723,2.077991558,1.720796866,3.123031928,4.385454434,6.0597584,4.188693847,4.823158987,3.847675084,4.187636226,2.928034477,2.179304261,3.778019436,1.994238812,2.941963724,3.02701356,4.294095941,2.342841843,3.130332127,2.466913298,1.613394992,3.133725736
m.NCIH128,2.462407311,3.540434513,4.551577671,4.613733572,3.351694316,3.983531831,1.729081926,5.124869539,5.514307494,3.487564124,2.830851043,4.209656441,2.935968893,3.176554124,4.030450634,2.480239367,4.969103278,2.142336028,2.16710024,3.059498096,2.033192629,3.117413275,2.508129442,5.150278371,4.550082052,5.428344992,5.913402662,7.045387953,4.860877346,1.98448778,1.36728337,2.868871813,4.066033792,5.844077856,3.948068719,4.821847285,3.487569205,3.928591156,3.043337128,1.75812266,3.663154598,1.744461667,2.649909562,2.781331335,3.9765561,2.010246417,2.958643406,2.049310714,1.475289335,3.361266403
m.NCIH1339,2.791540108,3.643486179,4.573237409,4.69694744,3.255447585,4.023987348,2.03830902,5.179822582,5.558639156,4.05168059,3.269227786,4.358291,3.322208316,3.74313909,4.212369062,2.544904879,5.0834903,3.199733303,2.773332501,3.287914803,2.441948104,3.196452455,2.836735769,5.246939808,4.759748217,5.437504198,5.992523488,7.149944939,5.066672623,2.054349007,1.6601573,3.112945166,4.466410097,5.975196236,4.190944243,4.984970743,4.103894556,4.167067739,3.16266058,2.124792367,3.816563498,2.075591655,2.830124235,2.857744714,4.221572403,2.241542302,3.024604748,2.450294682,1.804746119,2.841206985
m.NCIH1417,2.219547675,3.122005864,4.129663053,4.60764429,3.305876761,3.854468285,1.710778888,5.252388284,5.673256474,3.463456367,2.793647676,4.105606165,2.854349924,3.14127111,3.870460558,2.363884796,4.989039467,2.339511528,2.243454358,3.07874784,2.069457936,3.017393499,2.510192029,5.200940664,4.453239942,5.269513045,6.003320159,7.091508975,5.158327416,1.938225604,1.369987393,2.855137556,4.136786188,5.84702927,3.822571596,4.720974687,3.457908581,4.047421506,2.910834194,1.881951868,3.695868368,1.797391728,2.506572326,2.819961973,4.104098626,1.915985787,3.284062075,2.11786884,1.660365245,3.510757282
m.NCIH1436,2.209768409,3.253375764,4.314384044,4.604635825,3.225290309,3.6759034,1.746511605,5.182446474,5.780983506,3.482797119,2.765955775,4.314070792,2.963490905,3.280681128,4.061643925,2.346039073,5.008834569,2.763926312,2.442997484,3.170371553,2.209310948,3.3577322,2.495988869,5.323550732,4.693516668,5.568827166,6.204047647,7.342411319,5.330565014,2.030260603,1.470911172,2.980755238,4.291795623,6.081623909,4.068778204,4.797730193,3.558714485,4.050069398,3.023925907,1.844842785,3.630649201,1.680747602,2.610428646,2.843562627,4.195374774,2.208967363,3.112400191,2.200117287,1.370484778,3.19629603
m.NCIH1450,2.747180407,3.503412999,4.813922762,4.846032688,3.350578,4.052737089,2.319672295,5.412745801,5.784802947,3.98731325,3.445631511,4.657173702,3.434226018,3.751348844,4.498283987,2.495226194,5.228297026,3.223399902,2.829713598,3.033769235,2.466139359,2.553586607,2.806124124,5.557026959,4.733804586,5.9418419,6.200003414,7.547374156,5.977676893,1.967528864,1.749722254,3.213282821,4.665561824,6.26386296,4.383186868,5.43761456,3.907198427,4.271256677,3.052203389,1.938750678,3.796727105,2.019391143,3.017784226,2.929069012,4.353246451,2.241554066,2.799493416,2.021354242,1.530132832,1.927074887
m.NCIH146,2.478796193,3.879529811,4.686938569,4.633470715,3.375434285,3.753509022,2.101510114,5.291949454,5.682112878,3.631014821,2.827816672,4.472592381,3.2049021,3.459708676,4.320348395,2.722128322,5.050401419,2.430028295,2.378175259,3.203975994,2.444119254,3.498867324,2.734594066,5.578626854,4.631679818,5.754383214,6.196247329,7.33142632,5.298598161,2.279871179,1.524471367,3.092612547,4.24917797,6.09002809,4.254652525,4.906349954,3.791804601,4.206864077,3.388728202,2.098422182,3.798437336,1.975958161,2.981476049,3.080144022,4.154734174,2.310520564,3.32733655,2.222499191,1.646960893,3.395319433
m.NCIH1514,2.403677406,3.324979682,4.531697163,4.63824051,3.22622575,3.901626379,1.90019334,5.132022234,5.612922352,3.635988523,2.597527982,4.228899894,2.995588391,3.219388761,4.114369037,2.468664943,4.84536957,3.443574815,2.891026119,3.009007208,2.19328699,3.242996402,2.611444464,5.195738002,4.625106234,5.415677878,6.131418687,7.079725755,5.047930563,2.063121857,1.513335998,2.879935218,4.076609051,5.75753307,3.969858646,4.811314591,3.584340647,4.202396557,3.04113094,2.049051051,3.723260699,1.83878534,2.747085578,2.779438328,3.976198885,2.261117312,3.064825771,2.130505267,1.475107735,3.101825698
m.NCIH1522,2.1534808,3.102513811,4.459863577,4.560138376,3.083607994,3.668236259,1.712909702,5.167391759,5.669105197,3.387336306,2.728522316,4.13603568,2.875385848,3.10941169,4.012734782,2.243061779,4.964770161,2.455634978,2.261389536,2.945502354,1.852134026,3.241678617,2.361122648,5.290369086,4.537124926,5.50005585,6.081268409,7.287356953,5.221347575,1.841401494,1.34210157,2.737314607,3.974299256,5.861159546,3.878638439,4.597754842,3.356070112,4.00531248,2.843802908,1.964940207,3.558103811,1.660945154,2.451307974,2.66360877,3.920448403,2.099810563,3.104615092,2.075940859,1.302831513,3.047915991
m.NCIH1607,3.008023281,3.723811567,4.795098365,5.181317486,3.966058397,4.559632884,2.412875222,5.196951858,6.064419713,4.210890721,3.909518479,4.644774961,3.417212208,3.632527572,4.744659358,2.860317406,5.589386606,3.249136105,2.934740026,3.401536263,2.712359789,2.94139149,3.064887245,5.501872524,4.846971758,5.716056779,6.389823942,7.518174729,5.546100886,3.070942926,2.039326837,3.279743065,4.467816007,5.929361887,4.329052755,5.17919505,4.085885981,4.093581053,3.638966815,2.885940581,3.981814223,2.41383087,3.062299545,2.973995464,4.213145946,2.477608955,2.951651034,2.151650789,1.626934418,1.893501925
m.NCIH1628,2.797660968,3.598445921,4.774290206,4.582658335,3.187905924,4.243705643,2.154899874,5.080315578,5.377137842,3.702807694,3.199533101,4.398849136,3.320959468,3.512305719,4.297661355,2.558874159,5.211659461,3.039436665,2.786734195,3.293211966,2.206390434,3.291284681,2.72454343,5.251714954,4.677434103,5.558730463,5.68269055,6.743986471,4.690862822,2.27637977,1.68699905,3.028422688,4.227740011,5.869086883,4.237607911,4.847591694,3.76926734,4.227524011,3.28483284,2.50535459,3.942938344,2.003685599,3.020346743,2.950554003,4.037627327,2.186566912,3.2338618,2.415410486,1.561929802,3.887551629
m.NCIH1672,2.396944262,3.302591638,4.299942257,4.629540229,3.251722588,4.018735711,1.867974176,5.138202971,5.569765365,3.521583592,2.915861402,4.133768591,2.932589026,3.207567538,3.997361371,2.432871339,4.863298628,2.245792023,2.233179835,3.139792488,2.156361868,3.621616695,2.559181193,5.010042578,4.610897812,5.22733472,6.02012048,6.861935681,4.584853745,2.140395794,1.442688985,2.858230433,3.9616755,5.818874445,3.803777933,4.823952354,3.66670606,4.064857942,3.099533572,2.033731386,3.653758355,1.737161081,2.611453153,2.787128936,3.974122562,2.089241468,3.063416148,2.212160209,1.517782048,3.72022604
m.NCIH1688,2.995328574,3.697505171,5.131889417,4.756461853,3.411116511,4.225082193,2.363093943,5.115194365,5.617676053,4.032974074,3.38235839,4.838675328,3.522435566,3.854302806,4.603568814,2.465027403,5.655965191,3.529550454,3.069128713,3.21664424,2.348485263,2.955305864,3.201833297,5.757932426,4.875501338,6.025225434,5.974161277,7.19632934,5.39862916,2.190607214,1.877004133,3.723554977,4.754826988,6.164165817,4.534797677,5.395982293,4.108736085,4.333340606,3.185302634,2.357086493,4.111001738,2.36757498,3.159442259,3.373512659,4.445718432,2.503864563,3.163499254,2.511731086,1.408975323,3.405542606
m.NCIH1694,2.500744472,3.678454111,4.349893564,4.505250029,3.400686925,3.763338008,1.974078464,5.186412219,5.496471613,3.552107114,3.0762033,4.43006641,2.835663342,3.067876086,3.823828195,2.794632031,4.878075567,2.52605062,2.411647161,3.130924433,2.332870238,3.431176231,2.600865584,5.535442455,4.541036333,5.684072899,5.934615486,7.399702061,5.30870868,2.294742585,1.478060157,2.969049382,4.305290842,6.083057334,4.046955577,4.948269266,3.796184498,4.258855499,3.109528898,1.994941348,3.758634754,1.989926175,2.700909271,2.710076903,4.151565636,2.111931152,2.975773085,2.093784465,1.665555196,3.269942977
m.NCIH1836,2.246218084,3.358042155,4.324931895,4.532133518,3.333125272,3.818745744,1.817255473,5.074644888,5.555108312,3.457440973,2.61873608,4.169524758,2.759027813,2.943669931,3.86425499,2.27720926,4.93596011,2.37371478,2.331988608,2.977449716,2.127394567,3.149829382,2.445880505,5.267373757,4.605683699,5.472717243,6.019700609,7.096648474,5.029208269,1.836452503,1.388663826,2.831058437,4.009155692,5.721082329,3.795419747,4.58107729,3.431171756,3.997684209,2.985292269,1.729444879,3.66992429,1.66226593,2.502579692,2.764868922,3.872508805,2.047502153,3.072067457,1.984112611,1.391039294,3.485190279
m.NCIH187,2.132492018,3.15176655,4.493347071,4.673577431,3.224259839,3.757991457,1.787257793,5.152810603,5.658905091,3.395903213,2.961092389,4.361489396,2.938041585,3.212481172,3.991783023,2.255048143,5.074114683,2.71050964,2.54709159,2.915738129,2.042094522,3.005666343,2.438725217,5.349095506,4.63896271,5.455318712,6.061606444,7.134857501,5.216864155,1.57494957,1.358746889,2.846235486,4.164575852,6.222088239,3.966712126,4.797883045,3.513237325,4.009518144,3.040019098,1.753667058,3.861363154,1.579713406,2.475580866,2.725914698,4.080253702,2.020755478,3.225060502,2.017731045,1.340478242,3.015775961
m.NCIH1870,2.352868026,3.466919034,4.219950703,4.687550636,3.465141247,3.872938778,1.738770021,5.137566099,5.661005099,3.46567191,2.889153121,4.279587794,3.052935011,3.209486385,3.98214643,2.392022622,5.006251618,2.545425859,2.380554046,3.080408171,2.201768945,3.555311438,2.490025883,5.415085111,4.447560375,5.475805556,6.055465032,7.172430631,5.345061938,1.981079335,1.517805926,2.975261917,4.27556931,5.840053053,4.099876935,4.78420461,3.635588928,4.101679466,3.174504405,2.21739546,3.811901299,1.759058712,2.781575639,2.826485679,4.127951495,2.114446451,3.090913038,2.027898942,1.529197766,3.220236122
m.NCIH1876,2.106492912,3.008673971,4.302132126,4.583008297,3.32498177,3.791169924,1.709706296,5.155140943,5.692472911,3.295775769,2.730843133,4.115995525,2.743728171,3.091478735,3.912873937,2.195213078,4.890756041,2.514202673,2.320199222,2.931927349,1.884234703,3.10473985,2.36487137,5.190514757,4.515630102,5.296218069,6.073887964,7.311349072,5.235494333,1.904286696,1.341076641,2.697234678,3.958736821,5.910147194,3.822085472,4.640468538,3.246186395,3.906844773,3.109812136,1.933338342,3.538501261,1.521224766,2.567052316,2.515232776,3.751543823,2.054065105,2.991311319,2.050015067,1.301141203,2.774769294
m.NCIH1882,2.502979349,3.341842948,4.754947002,4.675935031,3.502737759,4.021450624,2.134739582,5.171986205,5.781822938,3.715310508,3.120148031,4.158165714,3.041877714,3.328666094,4.167476886,2.442656141,5.096872758,3.270762727,2.810662054,3.164114157,2.196251322,3.104252652,2.719066737,5.246210941,4.741266185,5.300786792,6.157467882,7.217998868,5.138752534,2.563625002,1.562139842,2.868496377,4.068354474,5.791100431,3.983617553,4.724963179,3.56991225,4.020547635,3.409338781,2.683341988,3.702084428,1.985437981,2.859161351,2.659096305,3.935070447,2.333687656,3.004861586,2.296104752,1.38470564,2.797730152
m.NCIH1926,2.225903142,3.221175607,4.334101107,4.706415386,3.242056592,3.711389919,1.625929239,5.21452847,5.789043215,3.3160563,2.644843575,4.071460482,2.858474694,3.078762429,3.980086831,2.261464057,4.899915726,2.374481876,2.26318314,2.917859678,1.920762226,3.636415054,2.41400426,5.241494341,4.506405409,5.35067493,6.183594473,7.264480163,5.071827161,1.82463925,1.328313006,2.845421276,3.974688916,5.81497959,3.902484254,4.679079599,3.291180219,4.14257948,3.031459285,1.834409975,3.638929364,1.586989236,2.480496282,2.636852969,3.917636089,2.084978649,3.087445907,2.045118947,1.382033146,3.084501065
m.NCIH1930,2.795039245,3.551836417,4.72331647,4.622459786,3.968621264,4.228372774,2.081427337,5.17885931,5.507525812,3.834725566,3.082020087,4.271872907,3.084426574,3.385686572,4.195006195,2.616348204,5.099986549,2.943211638,2.676371798,3.323087852,2.490974881,3.766839093,2.820008136,5.155442667,4.563051254,5.402397182,5.875446687,6.969913352,5.064824526,2.601010958,1.77754118,3.01084933,4.292934284,5.784401823,4.200158201,4.664817136,3.744612358,4.237759006,3.492835813,2.147615106,3.792932288,2.191557686,3.13242282,2.966014138,4.09825264,2.2691915,3.401206044,2.305476306,1.56760853,3.152974426
m.NCIH1963,1.985593172,2.987596782,4.257687781,4.477616154,3.218196453,3.61413584,1.512090144,5.158858797,5.609783027,3.268743599,2.661690734,4.06341978,2.534644715,2.796768246,3.773536847,2.276458491,4.857675361,2.075286104,1.998720398,2.85432921,1.876832425,3.356464865,2.316550831,5.215885752,4.358786493,5.31109446,6.052002521,7.325090883,5.265259393,1.761519906,1.220196438,2.679918078,3.968385937,5.875700995,3.819902294,4.695258457,3.182727536,3.934398783,2.901022749,1.924966572,3.547920474,1.53513788,2.439906725,2.523224896,3.922037634,1.96040584,2.979677302,1.847343684,1.23906683,2.966088816
m.NCIH1994,2.427924222,3.414119744,4.379856384,4.383406811,3.380482971,3.596808128,2.038393281,5.238605931,5.375646367,3.569771111,3.128724486,4.469474895,2.974289474,3.17919417,4.048338253,2.34434287,4.987573593,3.097831274,2.83217629,2.914588498,1.886377587,2.846279543,2.585613884,5.46343535,4.556627941,5.493637361,5.88893052,7.334445459,5.410214667,1.912176742,1.634017227,3.103973499,4.345336666,6.110378972,4.000707012,4.900301351,3.727904252,4.137649215,2.980716077,1.896096542,3.742330448,1.79596591,2.81398386,2.954320347,4.131580067,2.232236433,2.877739445,2.146660348,1.387337841,3.624346406
m.NCIH2029,2.647974141,3.947918644,4.508931646,4.611578083,3.435242136,3.862455022,2.004827986,5.152027114,5.48785128,3.713506827,2.847647591,4.471506472,3.094686265,3.217962422,4.120571754,2.525513646,5.098885017,2.728883261,2.548058126,3.056229123,2.044560101,3.164495576,2.670755954,5.381702066,4.687933756,5.59609121,5.891253828,7.029495796,4.97949213,2.059835484,1.670958762,3.008926405,4.202547262,5.868699486,4.32846644,4.835176214,3.689232759,4.210993973,3.276428861,2.129450134,3.898375837,1.941840817,2.802174702,2.93194991,4.17387953,2.122601575,3.242606701,2.231537979,1.447568044,3.345449157
m.NCIH2081,2.438122286,3.220912031,4.522040582,4.843235294,3.336108738,3.95349162,1.961766272,5.121256833,5.871328256,3.697510842,2.701877247,4.455023907,3.144341533,3.32494612,4.426866658,2.476502009,5.432969096,2.850065871,2.544323749,3.104163661,2.055766087,3.117163576,2.663085657,5.850032172,4.724619766,5.843632216,6.257968408,7.394094329,5.174941571,2.172338415,1.654650273,3.094836774,4.346323825,6.010013523,3.918818248,4.849497213,3.74430803,4.119447654,3.379142342,2.053346757,3.932031263,1.723118092,2.849331568,2.968985245,4.228810079,2.196083624,3.170151116,2.446024121,1.451983725,3.846422774
m.NCIH209,2.249187711,3.29570843,4.299713835,4.528019912,3.006170157,3.756921783,1.864444837,5.168823882,5.475185784,3.384501496,2.801635688,4.294237945,2.865787623,3.133229028,4.098428381,2.352343369,4.981931504,2.601078629,2.474867979,3.102233794,2.113070249,3.039029923,2.464452526,5.235001988,4.660314623,5.440010121,5.933428353,7.037648394,5.032299538,1.863649869,1.404790209,3.010078212,4.126838827,5.929237565,4.023320916,4.516707597,3.46127656,4.113438518,2.854910009,1.48259984,3.739133486,1.703472057,2.63596588,2.70492056,4.013408741,2.141780371,3.006172898,2.083156569,1.333881419,2.998082837
m.NCIH2107,2.402925464,3.560686572,4.217212741,4.577573219,3.347381218,3.663833142,1.743660735,5.075520385,5.461789404,3.452769501,2.806152043,4.232164273,3.022008356,3.103527406,3.888085677,2.53639026,4.848023505,2.374035183,2.269771913,3.040775251,2.360797524,3.607542678,2.51424355,5.302015301,4.459162349,5.437834129,5.818352307,7.061165988,5.118357991,1.933787251,1.417894808,2.847319649,3.901280737,5.715564549,4.006528149,4.855525704,3.581477864,4.052519263,3.003782904,1.911557332,3.73086718,1.745974349,2.642605078,2.647553426,3.937590624,2.07790261,3.030481624,2.169178032,1.499154803,3.632507466
m.NCIH2108,2.480210906,3.293056805,4.178565462,4.722835455,3.336158415,3.998327579,1.839183132,5.108254273,5.613304592,3.569528485,2.949351728,4.124377787,2.962410498,3.14294115,3.940049406,2.483711375,4.895173666,2.439554991,2.353428176,3.111391,2.282542575,3.596292752,2.620240418,5.135059088,4.572861828,5.216204718,5.9908185,6.876157224,4.744455335,2.123747917,1.496200117,2.8446638,3.888723702,5.634549487,3.781881783,4.619725315,3.567859361,4.083105013,3.072387974,1.864606863,3.716580978,1.887433603,2.627779983,2.657324118,3.849756443,2.042425287,3.192482627,2.307485562,1.594472755,3.741322053
m.NCIH211,2.698151219,3.627380538,4.835134757,4.584956145,3.626270065,4.324506533,2.452447723,5.207763381,5.65162894,3.91551961,3.401031831,4.509626918,3.217014191,3.487468642,4.363104234,2.580046008,5.140856976,2.81012015,2.677150437,3.206224538,2.218396876,2.698420242,2.82277634,5.608983129,4.64104264,5.751709352,5.892669083,7.338786466,5.592914868,2.471445635,1.718043479,3.255986392,4.299354611,6.100589377,4.355557231,5.423060062,3.968461207,4.157959649,3.364447233,2.382800936,3.979087725,2.15210606,3.053855361,2.778663601,4.218566695,2.387177402,2.746489196,2.130446861,1.375979491,1.961937615
m.NCIH2141,2.396330369,3.351208607,4.668973622,4.674485081,3.607242257,4.02251065,1.96361109,5.067392347,5.626060345,3.625532333,3.329090348,4.153126939,3.143920398,3.373187,4.135729446,2.54166561,4.958770931,2.610690228,2.424319641,3.125202308,2.187245087,3.297081533,2.511750789,5.253238269,4.574300135,5.405950842,5.995135626,7.08847482,5.274514267,2.248179599,1.484911276,2.965467111,4.056504592,5.769674751,3.918396544,4.722828837,3.709014411,4.161111105,3.086780134,2.396184201,3.767374613,1.982526561,2.754628056,2.704933579,3.908760379,2.04781863,2.963344385,2.166943588,1.425359867,2.904242
m.NCIH2171,2.292464793,3.319066599,4.473519677,4.680182711,3.697941969,3.677742661,1.614693741,5.290756269,5.778753375,3.269666436,3.135069208,4.566274952,3.098504437,3.320213513,4.129505116,2.546163723,4.767863729,2.13255683,2.21403981,3.030458642,2.322278642,3.181623145,2.351435192,5.435959689,4.506531338,5.683161198,6.197392544,7.638814821,6.223795501,1.997128969,1.453574548,2.945305855,4.210236044,6.260395959,4.012982271,5.100716878,3.635180732,4.204977631,3.043998425,1.905992127,3.824024756,1.688968757,2.762229266,2.815253301,4.262991941,2.026116254,3.181695669,2.0373033,1.524697128,3.026410977
m.NCIH2195,3.235128115,3.855733236,4.923332956,4.729415935,3.59395335,4.732874761,2.653450072,5.172613279,5.48091811,4.236358841,3.739115623,4.566737029,3.484276072,3.678404103,4.56270534,3.016965444,5.315984071,4.292001716,3.630169047,3.432012701,2.69175478,3.289948487,3.058586925,5.257063852,4.738612423,5.474012244,5.840458081,6.861484536,5.042701903,3.095453356,2.326210067,3.403780657,4.38272988,5.905706759,4.390375702,5.144392212,4.237233056,4.201649554,3.767056649,2.865667471,3.984258796,2.843718817,3.226487179,3.119007955,4.152523626,2.689479872,2.942242011,2.661468049,1.635244229,2.591265751
m.NCIH2196,3.04993406,3.726239053,4.766944664,4.539701311,3.449774656,4.439744371,2.539698268,5.184156939,5.442518202,3.89500084,3.335261452,4.495487179,3.359437351,3.535553052,4.449910969,2.801939016,5.221991669,3.815957851,3.314929676,3.298559838,2.480933698,3.419364492,2.98019063,5.177558948,4.710973148,5.525271735,5.877979241,6.842305485,4.907281884,2.557321872,2.119530285,3.245281893,4.386330439,5.914979514,4.226198728,4.992489505,4.110507643,4.302353973,3.40175616,2.390105934,3.971423465,2.527072287,3.062533255,3.101978541,4.144224058,2.559588285,3.171615477,2.625086528,1.700380127,2.855221679
m.NCIH2198,3.272936737,4.127965528,4.950439958,4.533907072,3.32967048,4.343039333,2.518713981,5.258762306,5.326735124,4.118870731,3.308324381,4.695122965,3.394126064,3.630533454,4.340209481,3.080345459,5.250730566,3.932737127,3.488244987,3.391985786,2.454334394,3.440209555,3.150982013,5.360120297,4.713078932,5.560038035,5.802938223,6.836988693,4.835018595,3.1230367,2.165824906,3.48996244,4.514443912,6.065148571,4.43028469,5.206782514,4.279142551,4.416101634,3.465544686,2.901469776,4.014063141,2.878529563,3.163634001,3.235553207,4.248592118,2.659157274,3.12455354,2.726096553,1.808132132,3.091829627
m.NCIH2227,2.016877528,3.298688344,4.308011239,4.515921963,3.336809265,3.73817192,1.839589448,5.116992065,5.269670528,3.416087014,3.088047715,4.324551378,2.642975061,2.893872205,3.799911007,2.672307804,4.757239006,2.492758836,2.379040312,3.145524377,2.441368241,3.789111439,2.703390592,5.12432441,4.485269387,5.25126763,5.662557186,6.963818647,5.047712366,2.290002217,1.49529521,3.027607203,4.066077031,5.749494019,4.023176867,4.476743479,3.256337329,3.90149817,3.015627555,2.438651328,3.692026891,1.960378974,2.606793227,2.730751266,3.918071071,2.146731967,3.169076406,2.106216673,1.609151247,2.909823117
m.NCIH250,2.368024985,3.503201632,4.680779499,4.693549515,3.350596026,4.071525494,2.037517229,5.191152344,5.595302498,3.697050682,3.323267355,4.485819182,3.243849003,3.565870333,4.346166697,2.693685428,5.305467207,2.405586004,2.388546627,3.289093691,2.379248525,3.370404779,2.82741486,5.244887619,4.723032796,5.507932356,5.979014156,7.117101079,5.021544591,2.245365321,1.604999216,3.10376595,4.23345612,6.102693256,4.091483251,5.040948353,3.745172345,4.265949597,2.963805953,2.484986934,3.901536567,2.135885873,2.821521727,2.960913261,4.266356656,2.176434983,3.234451445,2.23258353,1.696300671,3.251660302
m.NCIH2679,2.469254449,3.650054721,5.145631674,4.695856768,3.522029457,3.766713149,2.11897361,5.350850374,5.749994967,3.806563021,3.218646293,4.743480081,3.24783091,3.468054198,4.444334859,2.486279773,5.06959341,2.958175435,2.721638591,3.110633145,2.175776826,3.212261177,2.709177742,5.54792504,4.619406989,5.926696763,6.125759424,7.514032567,5.81698412,1.979003719,1.642759964,3.145058821,4.63958351,6.384441043,4.458323478,5.185065474,3.666854823,4.21254015,3.084967879,1.922597554,3.959275405,1.978625283,2.79496801,3.06301918,4.496605734,2.402795759,3.049069512,1.997842903,1.525286571,2.407138154
m.NCIH3282,2.819121938,4.096830702,4.529922227,4.74629457,3.683544737,4.020438306,2.010551578,5.075598235,5.562588199,3.776322747,3.23101031,4.206553536,3.23389262,3.501377711,4.158577572,2.805931564,4.921123452,2.540042262,2.517635708,3.498918752,2.582218975,4.031369659,2.753113171,5.01972554,4.678316444,5.297495329,6.02338272,6.725132208,4.421503826,2.553818066,1.777736514,3.026773151,4.084365784,5.551660822,4.225229799,4.630669661,3.946514137,4.26718847,3.543998928,2.393268567,3.788977098,2.04450086,2.914879507,2.853660645,4.046951579,2.303761124,3.249644589,2.467377956,1.769766833,3.944168598
m.NCIH345,2.476561246,3.696232459,4.726463459,4.558585999,3.500296141,3.830206176,1.849071207,5.114124368,5.363002501,3.603919944,3.171297208,4.267639125,3.101432106,3.38496298,4.046619576,2.586177258,5.024153247,2.53709537,2.427672178,3.201392814,2.380115752,3.157731382,2.57207538,5.280274321,4.651556865,5.52796184,5.839643963,6.868096775,4.803921663,2.186479609,1.524797364,3.005723509,4.173327964,5.783782862,4.324755396,4.541015694,3.692554761,4.057184863,3.212793396,2.101556834,3.75388101,1.789771783,2.693400578,2.933508908,4.049947361,2.05739207,3.081319803,2.252886719,1.547677637,3.379084015
m.NCIH378,2.45293962,3.66493805,4.570395332,4.655911783,3.24918316,3.897714524,1.841903934,5.150498849,5.471137585,3.441359502,2.6728922,4.325974511,2.877405761,3.054840249,4.033983153,2.718404659,4.825475941,2.152972615,2.223084666,3.246511299,2.280368744,3.729188653,2.645840482,5.44144879,4.526755269,5.471786915,5.812199843,7.238165332,5.300770968,2.390157203,1.568757534,2.83051845,4.023539027,5.716433863,4.012421131,4.688638839,3.6234907,4.115452007,3.254240194,2.330813912,3.818497629,1.927219127,2.752013328,2.75186578,4.102215054,2.114546499,3.111275877,2.112279803,1.634191005,3.59635366
m.NCIH446,2.330049062,3.134082084,4.430088863,4.6988492,3.580054518,4.126435893,1.956644609,5.088811673,5.775382052,3.380054633,3.173082261,4.351962555,2.694919116,2.852400121,3.952946653,2.41671609,5.053501924,2.149578093,2.076430974,3.096765348,2.664798264,3.309027563,2.442777735,5.286468911,4.461809217,5.595970186,6.155351314,7.263936532,5.71416819,2.508018185,1.530519554,2.803735353,3.999702519,5.87243753,3.972476056,4.726775148,3.432601753,3.972561368,3.32066391,2.044820834,3.755558354,1.835345944,2.529534182,2.558600165,3.907175737,2.033514419,2.814499373,1.853057788,1.534796677,3.127654622
m.NCIH510,2.341414442,3.383737503,4.541541971,4.667237972,3.561963928,3.754843367,2.057697834,5.136209659,5.622857577,3.55715988,3.426454992,4.521840061,3.167257801,3.383683167,4.149569788,2.552546926,5.153649776,2.816113753,2.612667658,3.251251102,2.074130866,2.918819832,2.624534701,5.353277976,4.724661807,5.506385701,6.050442461,7.302493462,5.553140016,2.234509558,1.622477646,3.199924261,4.396490036,6.007800423,4.214273093,5.133358684,3.717184299,4.175207036,3.076988239,2.29424766,3.839307627,1.94010042,2.767272267,2.885444505,4.205244655,2.214005848,3.210685748,2.149988949,1.429006781,2.9432837
m.NCIH524,2.317604911,3.70430965,4.42212291,4.654576312,3.650414572,3.84623878,1.859867043,5.299893875,5.73196188,3.380002561,2.958140594,4.540040219,2.951748129,3.106165492,4.065834919,2.786713623,4.898135292,2.339355055,2.257431104,3.143388366,2.381246772,3.345982462,2.479164875,5.664595263,4.474610323,5.858888758,6.163512057,7.61325164,6.144045118,2.448214036,1.564035815,3.130196216,4.348793958,6.043736466,4.284408076,4.934386514,3.635749173,4.332975097,3.233160139,2.180633592,3.916085431,1.874247238,2.868530909,2.898792848,4.241769823,2.237316657,3.05340136,2.061883615,1.642946594,2.997009115
m.NCIH526,2.443737092,3.783961717,5.041737892,4.595847423,3.186756093,3.692987688,1.920855476,5.207355331,5.65078198,3.50201254,3.082997139,4.401354843,3.171423808,3.369379992,4.13485248,2.505640802,5.153621967,2.605230054,2.55223232,3.114358869,2.178226406,3.0400426,2.578382038,5.599561101,4.526750626,5.814817494,5.968394823,7.313893774,5.40707529,2.087274352,1.53946668,2.999581266,4.226440451,6.009130045,4.355418038,4.829045485,3.753769379,3.972148266,3.135867661,2.089558321,3.863915953,1.751030801,2.844271648,2.738042859,4.246484957,2.268792996,3.024393511,1.964856158,1.264281924,2.143798641
m.NCIH60,2.322489744,3.545553839,4.434990913,4.627295885,3.552701812,3.668202316,1.779492137,5.135501631,5.560126954,3.511840154,3.03360756,4.585908539,2.889677531,2.977151164,3.900367509,2.700533189,4.954112481,2.029636664,2.045932424,3.081714039,2.431768976,3.288055597,2.340254049,5.659149145,4.534712028,5.782299751,5.921976082,7.399152266,5.906050928,2.16824569,1.423168695,2.963202734,4.234330887,6.236400688,4.128433509,4.887146248,3.6235951,4.039568086,3.162859814,2.065687696,3.815404047,1.82070398,2.650603997,2.728533217,4.106767819,2.107164469,2.812589808,1.853868625,1.412521951,2.657250211
m.NCIH69,2.384939562,3.409006645,4.48946607,4.661081906,3.665868349,3.996504259,2.059250206,5.104682778,5.637852198,3.592587297,3.049086336,4.17662518,3.257825652,3.471293331,4.002049223,2.600941585,4.937409568,2.055066354,2.161403089,3.306978419,2.390829593,3.877224997,2.375900355,5.364595661,4.652156132,5.479259862,6.060179554,7.004822531,5.041631392,2.444004376,1.53637732,2.925086563,3.988048289,5.656744244,4.019979587,4.69072677,3.795559526,4.199780212,3.221072873,2.544459946,3.693142184,1.85951614,2.757816064,2.841802949,4.122417101,2.123312011,3.18315455,2.295955942,1.694176047,3.330262929
m.NCIH711,2.159020444,3.080975094,4.220644644,4.687267736,3.067857956,3.807539835,1.612696772,5.178892974,5.716277145,3.335069987,2.436893055,4.026619633,2.604779681,3.006335377,3.779434938,2.298188873,4.861165368,2.744471155,2.485081653,2.772164389,1.906362655,3.08897041,2.46598139,5.260745084,4.577841847,5.186990012,6.090866199,7.076796972,4.775808211,1.776378348,1.380970294,2.811048008,3.95894654,5.825776719,3.767509305,4.643051991,3.335384651,4.126506876,3.013019619,1.843178087,3.718360114,1.627204077,2.509817374,2.748645457,3.854403172,2.038343394,3.139848617,2.129450628,1.429103333,3.549163213
m.NCIH735,2.874848955,3.791442896,4.983035963,4.749358959,3.622964023,3.666038194,2.253092494,5.261284899,5.664113085,3.972500984,3.765610623,4.603199316,3.513650505,3.776403621,4.406875836,2.606088306,5.282580221,3.272722609,2.914185096,3.20524619,2.267438767,3.161772982,2.89996823,5.382451983,4.703392036,5.805920018,5.981630166,7.072532293,5.0116412,2.176709155,1.846363936,3.336238461,4.494361421,6.164633096,4.367790333,5.36900336,4.194076,4.398307717,3.132140298,2.403711846,4.055732594,2.181993403,3.008879461,3.244740919,4.495681352,2.326193997,3.002221899,2.364968167,1.541791918,2.840084083
m.NCIH738,2.182424573,3.171087495,4.434860451,4.501318035,3.074234595,3.710492196,1.802956326,5.090910464,5.509977932,3.423428853,2.593764159,4.116758902,2.847691363,3.108306534,3.949105446,2.328896956,4.931990305,2.168764069,2.122715887,2.890083541,1.911479244,3.179177701,2.418096206,5.430354218,4.417432735,5.319443592,5.974565477,7.067488006,4.961074794,1.97425745,1.397043775,2.741795174,3.918738079,5.829305871,3.902174389,4.467417211,3.3923163,4.019858325,2.991437382,2.260492823,3.573653897,1.759447122,2.431992524,2.606507601,3.760566216,1.97280417,2.923438168,2.007848093,1.343834572,2.82332725
m.NCIH740,2.432472204,3.228189181,4.644529865,4.698397791,3.392754091,3.896053072,1.870353204,5.13707692,5.529175184,3.542301274,2.994291623,4.130445398,2.943718286,3.271969065,4.014530615,2.500711098,4.823895394,2.477804065,2.425502287,3.179621731,2.336086668,3.707780459,2.52103129,5.174125362,4.769141868,5.334985106,5.872594447,6.848714977,4.664042357,2.263472662,1.468959721,2.990257594,4.075203215,5.743074511,3.890655321,4.778511782,3.763324737,4.046875077,3.130395023,2.023235958,3.678318073,1.681022916,2.696251736,2.809632518,4.008296686,2.185787754,3.030797582,2.323152396,1.593760679,3.923840628
m.NCIH748,2.472515822,3.372727144,4.986970435,4.587043081,3.64140818,3.94912153,1.977300484,5.211750085,5.674051264,3.584441231,3.110388154,4.224233002,2.95675818,3.285602843,4.378457642,2.33055189,5.193917212,2.445886075,2.360224738,3.110220183,2.116495937,3.572678429,2.610910773,5.378018391,4.730767101,5.758130498,6.167611282,7.449433744,5.385316551,2.134201654,1.569537015,3.073819982,4.278306741,6.062632696,4.02273519,4.828006278,3.582876433,4.066440538,3.072148905,2.276272247,3.636820973,1.788320044,2.737465274,2.842869565,4.085820356,2.188855867,2.975522621,2.279125379,1.402313503,3.634434877
m.NCIH774,2.600695341,3.645315512,4.743903505,4.599067022,3.638089196,4.093649962,2.26194715,5.265007594,5.484550644,3.826122705,3.510666464,4.501240297,3.274327858,3.628478365,4.425719897,2.60350044,5.419035258,3.370795909,3.04948444,3.314001759,2.385208673,3.241075418,3.041304867,5.300533918,4.79041898,5.672106635,5.899215868,7.049729621,5.01358503,2.587239008,1.816351209,3.244722703,4.408701095,5.994106278,4.311716439,5.104339349,3.852807481,4.303659043,3.45567485,2.370515696,3.911865271,2.286538643,3.061118955,3.293573366,4.366942046,2.472396789,3.186765266,2.632866423,1.630655981,3.746322722
m.NCIH82,2.324174112,3.375072352,4.453593153,4.616896974,3.521406284,3.753643205,2.04575176,5.301157785,5.610324616,3.859177134,3.297329393,4.680146995,2.903342066,2.967792421,4.32717913,2.698278029,5.285420744,2.634717549,2.382778157,3.03293927,2.328261369,2.839655041,2.735465708,5.955131998,4.412496682,5.681418124,5.911261461,7.655333972,6.210524951,2.604947524,1.774772904,3.179807793,4.544223078,6.090398793,4.121519359,5.043926974,3.718373401,4.201982361,3.212901765,2.745441928,4.061364827,2.468516635,2.85124237,2.912323594,4.35893172,2.418033663,2.940444226,1.912421374,1.479878453,2.186014634
m.NCIH841,2.619068945,3.37335207,4.420194153,5.012222961,3.761687839,4.32275271,2.266434726,5.19558485,5.822254434,3.678429051,3.3223142,4.650104006,2.810193408,3.133408833,4.458013196,2.571505497,5.299896971,3.182720475,2.8910796,3.335643173,2.455012813,2.925976512,2.809083749,5.516621943,4.497811143,5.566812528,6.235145232,7.553114493,5.649791588,2.677182178,1.768258056,3.242129762,4.515188968,6.270386773,4.111730513,4.938061734,3.634972527,4.108121824,3.32148253,2.319367078,3.899001877,2.347908,3.03345709,2.855468602,4.173257403,2.517604631,3.119051557,1.808044323,1.410044046,1.787040873
m.NCIH865,2.452377539,3.571030271,4.508947265,4.755589659,3.247118206,4.04996033,1.969254245,5.157620063,5.484841274,3.709932665,2.970272456,4.437478742,3.348969479,3.45683457,4.278178777,2.668044637,5.1953679,2.533931008,2.501405362,3.321137787,2.312361357,3.260929698,2.821815685,5.230708381,4.767585062,5.447348037,5.910788894,6.979442928,5.090869431,2.238038403,1.643613946,3.092172101,4.263474452,6.081743414,4.074721955,5.111428453,3.874405877,4.243794302,3.250973024,2.280322379,3.896029855,2.067124426,2.836450172,3.019553929,4.245256544,2.195533505,3.21456724,2.228103069,1.564578404,3.596730954
m.NCIH889,2.600395373,3.626046183,4.564419448,4.367839161,3.295719634,3.665247002,1.876273134,5.214404023,5.329714234,3.712231235,2.88724474,4.511830263,3.024846954,3.201945271,4.249605466,2.545778459,5.074451553,2.63401295,2.425130633,2.996776124,2.050054673,3.366775021,2.617184544,5.664002502,4.53814635,5.759520654,5.883209571,7.268048243,5.379324429,2.188854349,1.602781371,3.124257408,4.248026205,5.98195548,4.123425158,4.941886612,3.739269515,4.231345313,3.113643785,2.170517902,3.813735371,1.883297485,2.77837263,2.921070785,4.078757452,2.178717895,3.176071653,2.284348199,1.448632471,3.59753566
m.SHP77,3.088344767,4.210291725,4.778044972,4.585117337,3.65410963,4.228492827,2.165845256,5.18017111,5.266573975,3.922871212,3.211507226,4.690543784,3.411141316,3.582500416,4.42319229,3.044014747,5.405409333,2.944032718,2.859325479,3.360404356,2.296430997,3.380008956,3.035292726,5.906251901,4.815350061,5.99623034,5.534343077,7.133146465,5.387240637,2.698748045,1.928288888,3.420209667,4.552106664,6.435622133,4.55428604,5.30726268,4.047069551,4.386652155,3.299992376,2.945860739,4.057751221,2.402598946,3.119766294,3.052265521,4.2519894,2.4605185,3.231393302,2.573536809,1.518831786,3.412223437